Trade number,Type,Date and time,Signal,Price USD,Size (qty),Size (value),Net PnL USD,Return %,Commission USD,Favorable excursion USD,Favorable excursion %,Adverse excursion USD,Adverse excursion %,Cumulative PnL USD,Cumulative PnL %,Duration (bars)
1,Exit long,2026-09-02 09:45,XL,7655.75,1,382200,576.5,0.15,11,582,0.15,-55.5,-0.01,576.5,2.31,3
1,Entry long,2026-09-02 09:00,Long,7644,1,382200,576.5,0.15,11,582,0.15,-55.5,-0.01,576.5,2.31,3
2,Exit long,2026-09-03 03:45,XL,7676.5,1,384250,-436,-0.11,11,0,0.00,-430.5,-0.11,140.5,0.56,1
2,Entry long,2026-09-03 03:30,Long,7685,1,384250,-436,-0.11,11,0,0.00,-430.5,-0.11,140.5,0.56,1
3,Exit long,2026-09-03 07:30,XL,7674.25,1,384137.5,-436,-0.11,11,57,0.01,-430.5,-0.11,-295.5,-1.18,1
3,Entry long,2026-09-03 07:15,Long,7682.75,1,384137.5,-436,-0.11,11,57,0.01,-430.5,-0.11,-295.5,-1.18,1
4,Exit long,2026-09-03 11:15,XL,7753.25,1,387075,576.5,0.15,11,582,0.15,-43,-0.01,281,1.12,1
4,Entry long,2026-09-03 11:00,Long,7741.5,1,387075,576.5,0.15,11,582,0.15,-43,-0.01,281,1.12,1
5,Exit long,2026-09-03 15:45,XL,7754.25,1,388137.5,-436,-0.11,11,7,0.00,-430.5,-0.11,-155,-0.62,4
5,Entry long,2026-09-03 14:45,Long,7762.75,1,388137.5,-436,-0.11,11,7,0.00,-430.5,-0.11,-155,-0.62,4
6,Exit long,2026-09-04 02:45,Short,7755.5,1,387650,114,0.03,11,569.5,0.15,-130.5,-0.03,-41,-0.16,29
6,Entry long,2026-09-03 19:30,Long,7753,1,387650,114,0.03,11,569.5,0.15,-130.5,-0.03,-41,-0.16,29
7,Exit short,2026-09-04 06:45,XS,7764,1,387775,-436,-0.11,11,32,0.01,-430.5,-0.11,-477,-1.91,16
7,Entry short,2026-09-04 02:45,Short,7755.5,1,387775,-436,-0.11,11,32,0.01,-430.5,-0.11,-477,-1.91,16
8,Exit short,2026-09-04 08:15,XS,7758.5,1,387500,-436,-0.11,11,69.5,0.02,-430.5,-0.11,-913,-3.65,1
8,Entry short,2026-09-04 08:00,Short,7750,1,387500,-436,-0.11,11,69.5,0.02,-430.5,-0.11,-913,-3.65,1
9,Exit short,2026-09-04 12:00,XS,7729.5,1,386050,-436,-0.11,11,32,0.01,-430.5,-0.11,-1349,-5.40,1
9,Entry short,2026-09-04 11:45,Short,7721,1,386050,-436,-0.11,11,32,0.01,-430.5,-0.11,-1349,-5.40,1
10,Exit short,2026-09-04 16:00,Session Close,7718.75,1,386025,76.5,0.02,11,207,0.05,-318,-0.08,-1272.5,-5.09,2
10,Entry short,2026-09-04 15:30,Short,7720.5,1,386025,76.5,0.02,11,207,0.05,-318,-0.08,-1272.5,-5.09,2
11,Exit short,2026-09-07 02:30,XS,7722.25,1,385687.5,-436,-0.11,11,194.5,0.05,-430.5,-0.11,-1708.5,-6.83,14
11,Entry short,2026-09-06 23:00,Short,7713.75,1,385687.5,-436,-0.11,11,194.5,0.05,-430.5,-0.11,-1708.5,-6.83,14
12,Exit long,2026-09-07 05:30,XL,7715.75,1,386212.5,-436,-0.11,11,207,0.05,-430.5,-0.11,-2144.5,-8.58,11
12,Entry long,2026-09-07 02:45,Long,7724.25,1,386212.5,-436,-0.11,11,207,0.05,-430.5,-0.11,-2144.5,-8.58,11
13,Exit short,2026-09-07 19:15,XS,7700,1,385587.5,576.5,0.15,11,582,0.15,-280.5,-0.07,-1568,-6.27,30
13,Entry short,2026-09-07 06:45,Short,7711.75,1,385587.5,576.5,0.15,11,582,0.15,-280.5,-0.07,-1568,-6.27,30
14,Exit long,2026-09-08 01:30,XL,7714.5,1,386150,-436,-0.11,11,132,0.03,-430.5,-0.11,-2004,-8.02,9
14,Entry long,2026-09-07 23:15,Long,7723,1,386150,-436,-0.11,11,132,0.03,-430.5,-0.11,-2004,-8.02,9
15,Exit short,2026-09-08 05:15,XS,7700.5,1,384600,-436,-0.11,11,219.5,0.06,-430.5,-0.11,-2440,-9.76,6
15,Entry short,2026-09-08 03:45,Short,7692,1,384600,-436,-0.11,11,219.5,0.06,-430.5,-0.11,-2440,-9.76,6
16,Exit short,2026-09-08 09:30,XS,7699.25,1,385550,576.5,0.15,11,582,0.15,-343,-0.09,-1863.5,-7.45,1
16,Entry short,2026-09-08 09:15,Short,7711,1,385550,576.5,0.15,11,582,0.15,-343,-0.09,-1863.5,-7.45,1
17,Exit long,2026-09-08 14:45,XL,7688.5,1,384850,-436,-0.11,11,119.5,0.03,-430.5,-0.11,-2299.5,-9.20,7
17,Entry long,2026-09-08 13:00,Long,7697,1,384850,-436,-0.11,11,119.5,0.03,-430.5,-0.11,-2299.5,-9.20,7
18,Exit short,2026-09-08 21:15,XS,7686.75,1,383912.5,-436,-0.11,11,269.5,0.07,-430.5,-0.11,-2735.5,-10.94,13
18,Entry short,2026-09-08 18:00,Short,7678.25,1,383912.5,-436,-0.11,11,269.5,0.07,-430.5,-0.11,-2735.5,-10.94,13
19,Exit short,2026-09-09 05:30,XS,7673.25,1,384250,576.5,0.15,11,582,0.15,-318,-0.08,-2159,-8.64,31
19,Entry short,2026-09-08 21:45,Short,7685,1,384250,576.5,0.15,11,582,0.15,-318,-0.08,-2159,-8.64,31
20,Exit short,2026-09-09 05:45,XS,7658.5,1,383512.5,576.5,0.15,11,582,0.15,-80.5,-0.02,-1582.5,-6.33,1
20,Entry short,2026-09-09 05:30,Short,7670.25,1,383512.5,576.5,0.15,11,582,0.15,-80.5,-0.02,-1582.5,-6.33,1
21,Exit short,2026-09-09 10:15,XS,7648.5,1,383012.5,576.5,0.15,11,582,0.15,-180.5,-0.05,-1006,-4.02,4
21,Entry short,2026-09-09 09:15,Short,7660.25,1,383012.5,576.5,0.15,11,582,0.15,-180.5,-0.05,-1006,-4.02,4
22,Exit short,2026-09-09 16:00,Session Close,7646.25,1,382550,226.5,0.06,11,482,0.13,-180.5,-0.05,-779.5,-3.12,12
22,Entry short,2026-09-09 13:00,Short,7651,1,382550,226.5,0.06,11,482,0.13,-180.5,-0.05,-779.5,-3.12,12
23,Exit long,2026-09-09 20:45,XL,7648,1,382825,-436,-0.11,11,0,0.00,-430.5,-0.11,-1215.5,-4.86,2
23,Entry long,2026-09-09 20:15,Long,7656.5,1,382825,-436,-0.11,11,0,0.00,-430.5,-0.11,-1215.5,-4.86,2
24,Exit short,2026-09-10 07:45,XS,7640.5,1,382612.5,576.5,0.15,11,582,0.15,-243,-0.06,-639,-2.56,12
24,Entry short,2026-09-10 04:45,Short,7652.25,1,382612.5,576.5,0.15,11,582,0.15,-243,-0.06,-639,-2.56,12
25,Exit short,2026-09-10 09:45,XS,7590.5,1,380112.5,576.5,0.15,11,582,0.15,-343,-0.09,-62.5,-0.25,5
25,Entry short,2026-09-10 08:30,Short,7602.25,1,380112.5,576.5,0.15,11,582,0.15,-343,-0.09,-62.5,-0.25,5
26,Exit short,2026-09-10 13:00,XS,7615.5,1,380350,-436,-0.11,11,32,0.01,-430.5,-0.11,-498.5,-1.99,2
26,Entry short,2026-09-10 12:30,Short,7607,1,380350,-436,-0.11,11,32,0.01,-430.5,-0.11,-498.5,-1.99,2
27,Exit short,2026-09-10 20:15,XS,7609.25,1,380037.5,-436,-0.11,11,319.5,0.08,-430.5,-0.11,-934.5,-3.74,3
27,Entry short,2026-09-10 19:30,Short,7600.75,1,380037.5,-436,-0.11,11,319.5,0.08,-430.5,-0.11,-934.5,-3.74,3
28,Exit short,2026-09-11 00:15,XS,7609.5,1,380050,-436,-0.11,11,157,0.04,-430.5,-0.11,-1370.5,-5.48,4
28,Entry short,2026-09-10 23:15,Short,7601,1,380050,-436,-0.11,11,157,0.04,-430.5,-0.11,-1370.5,-5.48,4
29,Exit long,2026-09-11 04:15,XL,7642.5,1,381537.5,576.5,0.15,11,582,0.15,-380.5,-0.10,-794,-3.18,5
29,Entry long,2026-09-11 03:00,Long,7630.75,1,381537.5,576.5,0.15,11,582,0.15,-380.5,-0.10,-794,-3.18,5
30,Exit long,2026-09-11 08:15,XL,7650.5,1,381937.5,576.5,0.15,11,582,0.15,-168,-0.04,-217.5,-0.87,6
30,Entry long,2026-09-11 06:45,Long,7638.75,1,381937.5,576.5,0.15,11,582,0.15,-168,-0.04,-217.5,-0.87,6
31,Exit long,2026-09-11 11:00,XL,7669.75,1,382900,576.5,0.15,11,582,0.15,-243,-0.06,359,1.44,2
31,Entry long,2026-09-11 10:30,Long,7658,1,382900,576.5,0.15,11,582,0.15,-243,-0.06,359,1.44,2
32,Exit short,2026-09-13 18:30,XS,7620.5,1,380600,-436,-0.11,11,132,0.03,-430.5,-0.11,-77,-0.31,2
32,Entry short,2026-09-13 18:00,Short,7612,1,380600,-436,-0.11,11,132,0.03,-430.5,-0.11,-77,-0.31,2
33,Exit short,2026-09-14 00:00,XS,7620.75,1,381625,576.5,0.15,11,582,0.15,-80.5,-0.02,499.5,2.00,9
33,Entry short,2026-09-13 21:45,Short,7632.5,1,381625,576.5,0.15,11,582,0.15,-80.5,-0.02,499.5,2.00,9
34,Exit short,2026-09-14 02:00,XS,7625,1,380825,-436,-0.11,11,44.5,0.01,-430.5,-0.11,63.5,0.25,2
34,Entry short,2026-09-14 01:30,Short,7616.5,1,380825,-436,-0.11,11,44.5,0.01,-430.5,-0.11,63.5,0.25,2
35,Exit short,2026-09-14 06:30,XS,7607.5,1,379950,-436,-0.11,11,232,0.06,-430.5,-0.11,-372.5,-1.49,5
35,Entry short,2026-09-14 05:15,Short,7599,1,379950,-436,-0.11,11,232,0.06,-430.5,-0.11,-372.5,-1.49,5
36,Exit short,2026-09-14 09:45,XS,7614.25,1,380287.5,-436,-0.11,11,232,0.06,-430.5,-0.11,-808.5,-3.23,3
36,Entry short,2026-09-14 09:00,Short,7605.75,1,380287.5,-436,-0.11,11,232,0.06,-430.5,-0.11,-808.5,-3.23,3
37,Exit short,2026-09-14 15:00,XS,7633,1,382237.5,576.5,0.15,11,582,0.15,-105.5,-0.03,-232,-0.93,9
37,Entry short,2026-09-14 12:45,Short,7644.75,1,382237.5,576.5,0.15,11,582,0.15,-105.5,-0.03,-232,-0.93,9
38,Exit long,2026-09-14 23:00,XL,7688.5,1,384850,-436,-0.11,11,194.5,0.05,-430.5,-0.11,-668,-2.67,20
38,Entry long,2026-09-14 18:00,Long,7697,1,384850,-436,-0.11,11,194.5,0.05,-430.5,-0.11,-668,-2.67,20
39,Exit long,2026-09-15 00:00,XL,7680.5,1,384450,-436,-0.11,11,7,0.00,-430.5,-0.11,-1104,-4.42,4
39,Entry long,2026-09-14 23:00,Long,7689,1,384450,-436,-0.11,11,7,0.00,-430.5,-0.11,-1104,-4.42,4
40,Exit long,2026-09-15 03:30,XL,7659.25,1,383387.5,-436,-0.11,11,107,0.03,-430.5,-0.11,-1540,-6.16,3
40,Entry long,2026-09-15 02:45,Long,7667.75,1,383387.5,-436,-0.11,11,107,0.03,-430.5,-0.11,-1540,-6.16,3
41,Exit long,2026-09-15 08:00,XL,7684,1,383612.5,576.5,0.15,11,582,0.15,-105.5,-0.03,-963.5,-3.85,6
41,Entry long,2026-09-15 06:30,Long,7672.25,1,383612.5,576.5,0.15,11,582,0.15,-105.5,-0.03,-963.5,-3.85,6
42,Exit long,2026-09-15 10:45,XL,7648.75,1,382862.5,-436,-0.11,11,69.5,0.02,-430.5,-0.11,-1399.5,-5.60,2
42,Entry long,2026-09-15 10:15,Long,7657.25,1,382862.5,-436,-0.11,11,69.5,0.02,-430.5,-0.11,-1399.5,-5.60,2
43,Exit long,2026-09-15 14:45,XL,7652,1,383025,-436,-0.11,11,7,0.00,-430.5,-0.11,-1835.5,-7.34,3
43,Entry long,2026-09-15 14:00,Long,7660.5,1,383025,-436,-0.11,11,7,0.00,-430.5,-0.11,-1835.5,-7.34,3
44,Exit long,2026-09-16 07:00,XL,7678.5,1,383337.5,576.5,0.15,11,582,0.15,-405.5,-0.11,-1259,-5.04,49
44,Entry long,2026-09-15 18:45,Long,7666.75,1,383337.5,576.5,0.15,11,582,0.15,-405.5,-0.11,-1259,-5.04,49
45,Exit long,2026-09-16 08:00,XL,7685.5,1,383687.5,576.5,0.15,11,582,0.15,-93,-0.02,-682.5,-2.73,4
45,Entry long,2026-09-16 07:00,Long,7673.75,1,383687.5,576.5,0.15,11,582,0.15,-93,-0.02,-682.5,-2.73,4
46,Exit long,2026-09-16 12:15,XL,7681.5,1,384500,-436,-0.11,11,444.5,0.12,-430.5,-0.11,-1118.5,-4.47,5
46,Entry long,2026-09-16 11:00,Long,7690,1,384500,-436,-0.11,11,444.5,0.12,-430.5,-0.11,-1118.5,-4.47,5
47,Exit short,2026-09-16 15:00,XS,7627,1,380925,-436,-0.11,11,0,0.00,-430.5,-0.11,-1554.5,-6.22,1
47,Entry short,2026-09-16 14:45,Short,7618.5,1,380925,-436,-0.11,11,0,0.00,-430.5,-0.11,-1554.5,-6.22,1
48,Exit short,2026-09-16 20:00,XS,7660.25,1,382587.5,-436,-0.11,11,7,0.00,-430.5,-0.11,-1990.5,-7.96,2
48,Entry short,2026-09-16 19:30,Short,7651.75,1,382587.5,-436,-0.11,11,7,0.00,-430.5,-0.11,-1990.5,-7.96,2
49,Exit short,2026-09-17 02:30,XS,7672.75,1,383212.5,-436,-0.11,11,394.5,0.10,-430.5,-0.11,-2426.5,-9.71,6
49,Entry short,2026-09-17 01:00,Short,7664.25,1,383212.5,-436,-0.11,11,394.5,0.10,-430.5,-0.11,-2426.5,-9.71,6
50,Exit long,2026-09-17 08:15,XL,7707.25,1,384775,576.5,0.15,11,582,0.15,-280.5,-0.07,-1850,-7.40,2
50,Entry long,2026-09-17 07:45,Long,7695.5,1,384775,576.5,0.15,11,582,0.15,-280.5,-0.07,-1850,-7.40,2
51,Exit long,2026-09-17 16:00,Session Close,7704.25,1,385212.5,-11,0.00,11,557,0.14,-368,-0.10,-1861,-7.44,16
51,Entry long,2026-09-17 12:00,Long,7704.25,1,385212.5,-11,0.00,11,557,0.14,-368,-0.10,-1861,-7.44,16
52,Exit long,2026-09-17 23:30,XL,7711.5,1,384987.5,576.5,0.15,11,582,0.15,-193,-0.05,-1284.5,-5.14,11
52,Entry long,2026-09-17 20:45,Long,7699.75,1,384987.5,576.5,0.15,11,582,0.15,-193,-0.05,-1284.5,-5.14,11
53,Exit long,2026-09-18 02:15,XL,7730.75,1,385950,576.5,0.15,11,582,0.15,-30.5,-0.01,-708,-2.83,7
53,Entry long,2026-09-18 00:30,Long,7719,1,385950,576.5,0.15,11,582,0.15,-30.5,-0.01,-708,-2.83,7
54,Exit long,2026-09-18 05:30,XL,7717,1,386275,-436,-0.11,11,232,0.06,-430.5,-0.11,-1144,-4.58,5
54,Entry long,2026-09-18 04:15,Long,7725.5,1,386275,-436,-0.11,11,232,0.06,-430.5,-0.11,-1144,-4.58,5
55,Exit short,2026-09-18 12:15,XS,7681,1,384637.5,576.5,0.15,11,582,0.15,-218,-0.06,-567.5,-2.27,10
55,Entry short,2026-09-18 09:45,Short,7692.75,1,384637.5,576.5,0.15,11,582,0.15,-218,-0.06,-567.5,-2.27,10
56,Exit short,2026-09-18 14:15,XS,7702.25,1,384687.5,-436,-0.11,11,69.5,0.02,-430.5,-0.11,-1003.5,-4.01,3
56,Entry short,2026-09-18 13:30,Short,7693.75,1,384687.5,-436,-0.11,11,69.5,0.02,-430.5,-0.11,-1003.5,-4.01,3
57,Exit long,2026-09-20 20:30,XL,7739.75,1,386400,576.5,0.15,11,582,0.15,-43,-0.01,-427,-1.71,9
57,Entry long,2026-09-20 18:15,Long,7728,1,386400,576.5,0.15,11,582,0.15,-43,-0.01,-427,-1.71,9
58,Exit long,2026-09-21 02:45,XL,7751.75,1,387000,576.5,0.15,11,582,0.15,-130.5,-0.03,149.5,0.60,19
58,Entry long,2026-09-20 22:00,Long,7740,1,387000,576.5,0.15,11,582,0.15,-130.5,-0.03,149.5,0.60,19
59,Exit long,2026-09-21 04:30,XL,7764,1,387612.5,576.5,0.15,11,582,0.15,-43,-0.01,726,2.90,7
59,Entry long,2026-09-21 02:45,Long,7752.25,1,387612.5,576.5,0.15,11,582,0.15,-43,-0.01,726,2.90,7
60,Exit long,2026-09-21 11:45,XL,7808.25,1,389825,576.5,0.15,11,582,0.15,-43,-0.01,1302.5,5.21,2
60,Entry long,2026-09-21 11:15,Long,7796.5,1,389825,576.5,0.15,11,582,0.15,-43,-0.01,1302.5,5.21,2
61,Exit long,2026-09-21 15:45,XL,7834.5,1,392150,-436,-0.11,11,207,0.05,-430.5,-0.11,866.5,3.47,3
61,Entry long,2026-09-21 15:00,Long,7843,1,392150,-436,-0.11,11,207,0.05,-430.5,-0.11,866.5,3.47,3
62,Exit long,2026-09-22 03:30,Short,7832,1,391775,-186,-0.05,11,194.5,0.05,-230.5,-0.06,680.5,2.72,20
62,Entry long,2026-09-21 22:30,Long,7835.5,1,391775,-186,-0.05,11,194.5,0.05,-230.5,-0.06,680.5,2.72,20
63,Exit short,2026-09-22 04:00,XS,7820.25,1,391600,576.5,0.15,11,582,0.15,-43,-0.01,1257,5.03,2
63,Entry short,2026-09-22 03:30,Short,7832,1,391600,576.5,0.15,11,582,0.15,-43,-0.01,1257,5.03,2
64,Exit long,2026-09-22 10:30,XL,7828.75,1,391862.5,-436,-0.11,11,557,0.14,-430.5,-0.11,821,3.28,10
64,Entry long,2026-09-22 08:00,Long,7837.25,1,391862.5,-436,-0.11,11,557,0.14,-430.5,-0.11,821,3.28,10
65,Exit short,2026-09-22 13:45,XS,7838.25,1,391487.5,-436,-0.11,11,319.5,0.08,-430.5,-0.11,385,1.54,7
65,Entry short,2026-09-22 12:00,Short,7829.75,1,391487.5,-436,-0.11,11,319.5,0.08,-430.5,-0.11,385,1.54,7
66,Exit long,2026-09-23 07:30,XL,7825.25,1,391687.5,-436,-0.11,11,469.5,0.12,-430.5,-0.11,-51,-0.20,47
66,Entry long,2026-09-22 19:45,Long,7833.75,1,391687.5,-436,-0.11,11,469.5,0.12,-430.5,-0.11,-51,-0.20,47
67,Exit short,2026-09-23 09:45,XS,7808.5,1,391012.5,576.5,0.15,11,582,0.15,-305.5,-0.08,525.5,2.10,7
67,Entry short,2026-09-23 08:00,Short,7820.25,1,391012.5,576.5,0.15,11,582,0.15,-305.5,-0.08,525.5,2.10,7
68,Exit short,2026-09-23 12:45,XS,7768.5,1,389012.5,576.5,0.15,11,582,0.15,-68,-0.02,1102,4.41,4
68,Entry short,2026-09-23 11:45,Short,7780.25,1,389012.5,576.5,0.15,11,582,0.15,-68,-0.02,1102,4.41,4
69,Exit short,2026-09-23 20:00,XS,7765.75,1,388875,576.5,0.15,11,582,0.15,-93,-0.02,1678.5,6.71,8
69,Entry short,2026-09-23 18:00,Short,7777.5,1,388875,576.5,0.15,11,582,0.15,-93,-0.02,1678.5,6.71,8
70,Exit short,2026-09-24 00:00,XS,7752.75,1,388225,576.5,0.15,11,582,0.15,-118,-0.03,2255,9.02,9
70,Entry short,2026-09-23 21:45,Short,7764.5,1,388225,576.5,0.15,11,582,0.15,-118,-0.03,2255,9.02,9
71,Exit short,2026-09-24 02:30,XS,7738,1,387487.5,576.5,0.15,11,582,0.15,-18,0.00,2831.5,11.33,4
71,Entry short,2026-09-24 01:30,Short,7749.75,1,387487.5,576.5,0.15,11,582,0.15,-18,0.00,2831.5,11.33,4
72,Exit short,2026-09-24 05:30,XS,7713,1,386237.5,576.5,0.15,11,582,0.15,-55.5,-0.01,3408,13.63,1
72,Entry short,2026-09-24 05:15,Short,7724.75,1,386237.5,576.5,0.15,11,582,0.15,-55.5,-0.01,3408,13.63,1
73,Exit short,2026-09-24 09:45,XS,7746.25,1,386887.5,-436,-0.11,11,382,0.10,-430.5,-0.11,2972,11.89,3
73,Entry short,2026-09-24 09:00,Short,7737.75,1,386887.5,-436,-0.11,11,382,0.10,-430.5,-0.11,2972,11.89,3
74,Exit short,2026-09-24 13:45,XS,7754.25,1,388300,576.5,0.15,11,582,0.15,-230.5,-0.06,3548.5,14.19,2
74,Entry short,2026-09-24 13:15,Short,7766,1,388300,576.5,0.15,11,582,0.15,-230.5,-0.06,3548.5,14.19,2
75,Exit short,2026-09-24 22:15,XS,7766.5,1,387900,-436,-0.11,11,469.5,0.12,-430.5,-0.11,3112.5,12.45,17
75,Entry short,2026-09-24 18:00,Short,7758,1,387900,-436,-0.11,11,469.5,0.12,-430.5,-0.11,3112.5,12.45,17
76,Exit short,2026-09-25 01:30,XS,7770.25,1,388087.5,-436,-0.11,11,219.5,0.06,-430.5,-0.11,2676.5,10.71,13
76,Entry short,2026-09-24 22:15,Short,7761.75,1,388087.5,-436,-0.11,11,219.5,0.06,-430.5,-0.11,2676.5,10.71,13
77,Exit long,2026-09-25 04:45,XL,7787.5,1,388787.5,576.5,0.15,11,582,0.15,-218,-0.06,3253,13.01,11
77,Entry long,2026-09-25 02:00,Long,7775.75,1,388787.5,576.5,0.15,11,582,0.15,-218,-0.06,3253,13.01,11
78,Exit long,2026-09-25 07:15,XL,7798.75,1,389350,576.5,0.15,11,582,0.15,-180.5,-0.05,3829.5,15.32,6
78,Entry long,2026-09-25 05:45,Long,7787,1,389350,576.5,0.15,11,582,0.15,-180.5,-0.05,3829.5,15.32,6
79,Exit long,2026-09-25 10:00,XL,7777,1,389275,-436,-0.11,11,407,0.10,-430.5,-0.11,3393.5,13.57,2
79,Entry long,2026-09-25 09:30,Long,7785.5,1,389275,-436,-0.11,11,407,0.10,-430.5,-0.11,3393.5,13.57,2
80,Exit long,2026-09-25 13:30,XL,7795.75,1,390212.5,-436,-0.11,11,44.5,0.01,-430.5,-0.11,2957.5,11.83,1
80,Entry long,2026-09-25 13:15,Long,7804.25,1,390212.5,-436,-0.11,11,44.5,0.01,-430.5,-0.11,2957.5,11.83,1
81,Exit long,2026-09-27 22:00,XL,7778.25,1,389337.5,-436,-0.11,11,194.5,0.05,-430.5,-0.11,2521.5,10.09,16
81,Entry long,2026-09-27 18:00,Long,7786.75,1,389337.5,-436,-0.11,11,194.5,0.05,-430.5,-0.11,2521.5,10.09,16
82,Exit short,2026-09-28 03:30,XS,7766,1,388887.5,576.5,0.15,11,582,0.15,-280.5,-0.07,3098,12.39,20
82,Entry short,2026-09-27 22:30,Short,7777.75,1,388887.5,576.5,0.15,11,582,0.15,-280.5,-0.07,3098,12.39,20
83,Exit short,2026-09-28 03:45,XS,7774.5,1,388300,-436,-0.11,11,0,0.00,-430.5,-0.11,2662,10.65,1
83,Entry short,2026-09-28 03:30,Short,7766,1,388300,-436,-0.11,11,0,0.00,-430.5,-0.11,2662,10.65,1
84,Exit short,2026-09-28 08:00,XS,7778.5,1,388500,-436,-0.11,11,357,0.09,-430.5,-0.11,2226,8.90,3
84,Entry short,2026-09-28 07:15,Short,7770,1,388500,-436,-0.11,11,357,0.09,-430.5,-0.11,2226,8.90,3
85,Exit short,2026-09-28 13:00,XS,7769.75,1,388062.5,-436,-0.11,11,307,0.08,-430.5,-0.11,1790,7.16,1
85,Entry short,2026-09-28 12:45,Short,7761.25,1,388062.5,-436,-0.11,11,307,0.08,-430.5,-0.11,1790,7.16,1
86,Exit short,2026-09-28 20:30,XS,7739,1,387537.5,576.5,0.15,11,582,0.15,-93,-0.02,2366.5,9.47,10
86,Entry short,2026-09-28 18:00,Short,7750.75,1,387537.5,576.5,0.15,11,582,0.15,-93,-0.02,2366.5,9.47,10
87,Exit short,2026-09-29 01:30,XS,7718.75,1,386525,576.5,0.15,11,582,0.15,-305.5,-0.08,2943,11.77,11
87,Entry short,2026-09-28 22:45,Short,7730.5,1,386525,576.5,0.15,11,582,0.15,-305.5,-0.08,2943,11.77,11
88,Exit long,2026-09-29 05:30,XL,7737,1,387275,-436,-0.11,11,444.5,0.11,-430.5,-0.11,2507,10.03,12
88,Entry long,2026-09-29 02:30,Long,7745.5,1,387275,-436,-0.11,11,444.5,0.11,-430.5,-0.11,2507,10.03,12
89,Exit short,2026-09-29 07:45,XS,7761.75,1,387662.5,-436,-0.11,11,0,0.00,-430.5,-0.11,2071,8.28,3
89,Entry short,2026-09-29 07:00,Short,7753.25,1,387662.5,-436,-0.11,11,0,0.00,-430.5,-0.11,2071,8.28,3
90,Exit short,2026-09-29 11:15,XS,7718.75,1,386525,576.5,0.15,11,582,0.15,-105.5,-0.03,2647.5,10.59,1
90,Entry short,2026-09-29 11:00,Short,7730.5,1,386525,576.5,0.15,11,582,0.15,-105.5,-0.03,2647.5,10.59,1
91,Exit short,2026-09-29 16:00,Session Close,7736,1,386600,-211,-0.05,11,244.5,0.06,-343,-0.09,2436.5,9.75,4
91,Entry short,2026-09-29 15:00,Short,7732,1,386600,-211,-0.05,11,244.5,0.06,-343,-0.09,2436.5,9.75,4
92,Exit long,2026-09-29 20:45,XL,7742.5,1,387550,-436,-0.11,11,232,0.06,-430.5,-0.11,2000.5,8.00,4
92,Entry long,2026-09-29 19:45,Long,7751,1,387550,-436,-0.11,11,232,0.06,-430.5,-0.11,2000.5,8.00,4
93,Exit long,2026-09-30 02:30,XL,7739.75,1,387412.5,-436,-0.11,11,244.5,0.06,-430.5,-0.11,1564.5,6.26,12
93,Entry long,2026-09-29 23:30,Long,7748.25,1,387412.5,-436,-0.11,11,244.5,0.06,-430.5,-0.11,1564.5,6.26,12
94,Exit long,2026-09-30 05:00,XL,7741,1,387475,-436,-0.11,11,344.5,0.09,-430.5,-0.11,1128.5,4.51,7
94,Entry long,2026-09-30 03:15,Long,7749.5,1,387475,-436,-0.11,11,344.5,0.09,-430.5,-0.11,1128.5,4.51,7
95,Exit short,2026-09-30 08:15,XS,7741.5,1,386650,-436,-0.11,11,369.5,0.10,-430.5,-0.11,692.5,2.77,3
95,Entry short,2026-09-30 07:30,Short,7733,1,386650,-436,-0.11,11,369.5,0.10,-430.5,-0.11,692.5,2.77,3
96,Exit long,2026-09-30 11:30,XL,7767,1,388775,-436,-0.11,11,119.5,0.03,-430.5,-0.11,256.5,1.03,1
96,Entry long,2026-09-30 11:15,Long,7775.5,1,388775,-436,-0.11,11,119.5,0.03,-430.5,-0.11,256.5,1.03,1
97,Exit short,2026-09-30 15:30,XS,7743.5,1,387762.5,576.5,0.15,11,582,0.15,-18,0.00,833,3.33,2
97,Entry short,2026-09-30 15:00,Short,7755.25,1,387762.5,576.5,0.15,11,582,0.15,-18,0.00,833,3.33,2
98,Exit short,2026-09-30 23:45,XS,7748.5,1,387000,-436,-0.11,11,494.5,0.13,-430.5,-0.11,397,1.59,15
98,Entry short,2026-09-30 20:00,Short,7740,1,387000,-436,-0.11,11,494.5,0.13,-430.5,-0.11,397,1.59,15
99,Exit long,2026-10-01 01:15,XL,7763.5,1,387587.5,576.5,0.15,11,582,0.15,-43,-0.01,973.5,3.89,3
99,Entry long,2026-10-01 00:30,Long,7751.75,1,387587.5,576.5,0.15,11,582,0.15,-43,-0.01,973.5,3.89,3
100,Exit short,2026-10-01 04:30,XS,7716.75,1,385412.5,-436,-0.11,11,157,0.04,-430.5,-0.11,537.5,2.15,1
100,Entry short,2026-10-01 04:15,Short,7708.25,1,385412.5,-436,-0.11,11,157,0.04,-430.5,-0.11,537.5,2.15,1
101,Exit short,2026-10-01 09:15,XS,7729.5,1,387062.5,576.5,0.15,11,582,0.15,-380.5,-0.10,1114,4.46,5
101,Entry short,2026-10-01 08:00,Short,7741.25,1,387062.5,576.5,0.15,11,582,0.15,-380.5,-0.10,1114,4.46,5
102,Exit short,2026-10-01 12:15,XS,7699.5,1,384550,-436,-0.11,11,194.5,0.05,-430.5,-0.11,678,2.71,2
102,Entry short,2026-10-01 11:45,Short,7691,1,384550,-436,-0.11,11,194.5,0.05,-430.5,-0.11,678,2.71,2
103,Exit short,2026-10-01 15:45,XS,7738.75,1,386512.5,-436,-0.11,11,519.5,0.13,-430.5,-0.11,242,0.97,1
103,Entry short,2026-10-01 15:30,Short,7730.25,1,386512.5,-436,-0.11,11,519.5,0.13,-430.5,-0.11,242,0.97,1
104,Exit long,2026-10-02 00:00,XL,7744.5,1,386637.5,576.5,0.15,11,582,0.15,-355.5,-0.09,818.5,3.27,14
104,Entry long,2026-10-01 20:30,Long,7732.75,1,386637.5,576.5,0.15,11,582,0.15,-355.5,-0.09,818.5,3.27,14
105,Exit long,2026-10-02 02:45,XL,7737.25,1,387287.5,-436,-0.11,11,419.5,0.11,-430.5,-0.11,382.5,1.53,10
105,Entry long,2026-10-02 00:15,Long,7745.75,1,387287.5,-436,-0.11,11,419.5,0.11,-430.5,-0.11,382.5,1.53,10
106,Exit long,Open,Open,—,1,388062.5,-173.5,-0.04,5.5,19.5,0.01,-318,-0.08,203.5,0.81,2
106,Entry long,2026-10-02 04:00,Long,7761.25,1,388062.5,-173.5,-0.04,5.5,19.5,0.01,-318,-0.08,203.5,0.81,2